input_size,runtime_seconds
250,0.045610
500,0.091520
750,0.167327
1000,0.247968
1250,0.350658
1500,0.428000
1750,0.588530
2000,0.765075
2250,1.127038
2500,1.184716
